{"Count":5,"FilesInfo":[{"FileName":"C:\\Users\\User\\OneDrive\\เดสก์ท็อป\\Maj\\Angels of Death - Ending  Pray/.autosave/autosave.2025-3-11_19-43-32.txt","RawPath":"C:\\Users\\User\\OneDrive\\เดสก์ท็อป\\Maj\\Angels of Death - Ending  Pray","SavedTime":1741725812},{"FileName":"C:\\Users\\User\\OneDrive\\เดสก์ท็อป\\Maj\\]段位認定-Discord - Competition\\Tier 2\\Angels of Death - Ending  Pray/.autosave/autosave.2025-3-12_0-32-56.txt","RawPath":"C:\\Users\\User\\OneDrive\\เดสก์ท็อป\\Maj\\]段位認定-Discord - Competition\\Tier 2\\Angels of Death - Ending  Pray","SavedTime":1741743176},{"FileName":"C:\\Users\\User\\OneDrive\\เดสก์ท็อป\\Maj\\]段位認定-Discord - Competition\\Tier 2\\Angels of Death - Ending  Pray/.autosave/autosave.2025-3-13_10-44-41.txt","RawPath":"C:\\Users\\User\\OneDrive\\เดสก์ท็อป\\Maj\\]段位認定-Discord - Competition\\Tier 2\\Angels of Death - Ending  Pray","SavedTime":1741866281},{"FileName":"C:\\Users\\User\\OneDrive\\เดสก์ท็อป\\Maj\\]段位認定-Discord - Competition\\Tier 2\\Angels of Death - Ending  Pray/.autosave/autosave.2025-3-15_23-4-15.txt","RawPath":"C:\\Users\\User\\OneDrive\\เดสก์ท็อป\\Maj\\]段位認定-Discord - Competition\\Tier 2\\Angels of Death - Ending  Pray","SavedTime":1742083455},{"FileName":"C:\\Users\\User\\OneDrive\\เดสก์ท็อป\\Maj\\]段位認定-Discord - Competition\\Tier 2\\Angels of Death - Ending  Pray/.autosave/autosave.2025-3-18_2-32-40.txt","RawPath":"C:\\Users\\User\\OneDrive\\เดสก์ท็อป\\Maj\\]段位認定-Discord - Competition\\Tier 2\\Angels of Death - Ending  Pray","SavedTime":1742268760}]}