{"Count":5,"FilesInfo":[{"FileName":"C:\\Users\\User\\OneDrive\\เดสก์ท็อป\\Maj\\ひぐらしのなく頃に Naraku no Hana (TV_SIZE)/.autosave/autosave.2025-2-19_20-44-32.txt","RawPath":"C:\\Users\\User\\OneDrive\\เดสก์ท็อป\\Maj\\ひぐらしのなく頃に Naraku no Hana (TV_SIZE)","SavedTime":1740001472},{"FileName":"C:\\Users\\User\\OneDrive\\เดสก์ท็อป\\Maj\\ひぐらしのなく頃に Naraku no Hana (TV_SIZE)/.autosave/autosave.2025-3-6_22-51-25.txt","RawPath":"C:\\Users\\User\\OneDrive\\เดสก์ท็อป\\Maj\\ひぐらしのなく頃に Naraku no Hana (TV_SIZE)","SavedTime":1741305085},{"FileName":"C:\\Users\\User\\OneDrive\\เดสก์ท็อป\\Maj\\]段位認定-Discord - Competition\\Tier 1\\ひぐらしのなく頃に Naraku no Hana (TV_SIZE)/.autosave/autosave.2025-3-12_0-18-56.txt","RawPath":"C:\\Users\\User\\OneDrive\\เดสก์ท็อป\\Maj\\]段位認定-Discord - Competition\\Tier 1\\ひぐらしのなく頃に Naraku no Hana (TV_SIZE)","SavedTime":1741742336},{"FileName":"C:\\Users\\User\\OneDrive\\เดสก์ท็อป\\Maj\\]段位認定-Discord - Competition\\Tier 1\\ひぐらしのなく頃に Naraku no Hana (TV_SIZE)/.autosave/autosave.2025-3-12_2-21-56.txt","RawPath":"C:\\Users\\User\\OneDrive\\เดสก์ท็อป\\Maj\\]段位認定-Discord - Competition\\Tier 1\\ひぐらしのなく頃に Naraku no Hana (TV_SIZE)","SavedTime":1741749716},{"FileName":"C:\\Users\\User\\OneDrive\\เดสก์ท็อป\\Maj\\]段位認定-Discord - Competition\\Tier 1\\ひぐらしのなく頃に Naraku no Hana (TV_SIZE)/.autosave/autosave.2025-3-12_13-23-16.txt","RawPath":"C:\\Users\\User\\OneDrive\\เดสก์ท็อป\\Maj\\]段位認定-Discord - Competition\\Tier 1\\ひぐらしのなく頃に Naraku no Hana (TV_SIZE)","SavedTime":1741789396}]}