{"Count":5,"FilesInfo":[{"FileName":"D:\\Finished Charts\\Tears/.autosave/autosave.2025-3-18_2-13-22.txt","RawPath":"D:\\Finished Charts\\Tears","SavedTime":1742267602},{"FileName":"D:\\Finished Charts\\Tears/.autosave/autosave.2025-3-18_2-14-22.txt","RawPath":"D:\\Finished Charts\\Tears","SavedTime":1742267662},{"FileName":"D:\\Finished Charts\\Tears/.autosave/autosave.2025-3-18_2-15-22.txt","RawPath":"D:\\Finished Charts\\Tears","SavedTime":1742267722},{"FileName":"D:\\Finished Charts\\Tears/.autosave/autosave.2025-3-18_2-18-22.txt","RawPath":"D:\\Finished Charts\\Tears","SavedTime":1742267902},{"FileName":"D:\\Finished Charts\\Tears/.autosave/autosave.2025-3-18_2-20-22.txt","RawPath":"D:\\Finished Charts\\Tears","SavedTime":1742268022}]}