{"Count":3,"FilesInfo":[{"FileName":"C:\\Users\\User\\OneDrive\\เดสก์ท็อป\\Maj\\]段位認定-Discord - Competition\\Tier 1\\主人公になろう！/.autosave/autosave.2025-3-12_0-21-56.txt","RawPath":"C:\\Users\\User\\OneDrive\\เดสก์ท็อป\\Maj\\]段位認定-Discord - Competition\\Tier 1\\主人公になろう！","SavedTime":1741742516},{"FileName":"C:\\Users\\User\\OneDrive\\เดสก์ท็อป\\Maj\\]段位認定-Discord - Competition\\Tier 1\\主人公になろう！/.autosave/autosave.2025-3-12_2-18-56.txt","RawPath":"C:\\Users\\User\\OneDrive\\เดสก์ท็อป\\Maj\\]段位認定-Discord - Competition\\Tier 1\\主人公になろう！","SavedTime":1741749536},{"FileName":"C:\\Users\\User\\OneDrive\\เดสก์ท็อป\\Maj\\]段位認定-Discord - Competition\\Tier 1\\主人公になろう！/.autosave/autosave.2025-3-12_13-31-16.txt","RawPath":"C:\\Users\\User\\OneDrive\\เดสก์ท็อป\\Maj\\]段位認定-Discord - Competition\\Tier 1\\主人公になろう！","SavedTime":1741789876}]}