{"Count":5,"FilesInfo":[{"FileName":"C:\\Users\\User\\OneDrive\\เดสก์ท็อป\\Maj\\甘神さんちの縁結び - Pray Pray Pray/.autosave/autosave.2025-3-11_17-57-0.txt","RawPath":"C:\\Users\\User\\OneDrive\\เดสก์ท็อป\\Maj\\甘神さんちの縁結び - Pray Pray Pray","SavedTime":1741719420},{"FileName":"C:\\Users\\User\\OneDrive\\เดสก์ท็อป\\Maj\\甘神さんちの縁結び - Pray Pray Pray/.autosave/autosave.2025-3-11_19-38-32.txt","RawPath":"C:\\Users\\User\\OneDrive\\เดสก์ท็อป\\Maj\\甘神さんちの縁結び - Pray Pray Pray","SavedTime":1741725512},{"FileName":"C:\\Users\\User\\OneDrive\\เดสก์ท็อป\\Maj\\甘神さんちの縁結び - Pray Pray Pray/.autosave/autosave.2025-3-11_19-46-32.txt","RawPath":"C:\\Users\\User\\OneDrive\\เดสก์ท็อป\\Maj\\甘神さんちの縁結び - Pray Pray Pray","SavedTime":1741725992},{"FileName":"C:\\Users\\User\\OneDrive\\เดสก์ท็อป\\Maj\\]段位認定-Discord - Competition\\Tier 1\\甘神さんちの縁結び - Pray Pray Pray/.autosave/autosave.2025-3-12_0-25-56.txt","RawPath":"C:\\Users\\User\\OneDrive\\เดสก์ท็อป\\Maj\\]段位認定-Discord - Competition\\Tier 1\\甘神さんちの縁結び - Pray Pray Pray","SavedTime":1741742756},{"FileName":"C:\\Users\\User\\OneDrive\\เดสก์ท็อป\\Maj\\]段位認定-Discord - Competition\\Tier 1\\甘神さんちの縁結び - Pray Pray Pray/.autosave/autosave.2025-3-12_13-36-16.txt","RawPath":"C:\\Users\\User\\OneDrive\\เดสก์ท็อป\\Maj\\]段位認定-Discord - Competition\\Tier 1\\甘神さんちの縁結び - Pray Pray Pray","SavedTime":1741790176}]}