{"Count":5,"FilesInfo":[{"FileName":"C:\\Users\\User\\OneDrive\\เดสก์ท็อป\\Maj\\ツユ - Dämonisch/.autosave/autosave.2025-1-31_0-43-9.txt","RawPath":"C:\\Users\\User\\OneDrive\\เดสก์ท็อป\\Maj\\ツユ - Dämonisch","SavedTime":1738287789},{"FileName":"C:\\Users\\User\\OneDrive\\เดสก์ท็อป\\Maj\\ツユ - Dämonisch/.autosave/autosave.2025-2-4_19-12-41.txt","RawPath":"C:\\Users\\User\\OneDrive\\เดสก์ท็อป\\Maj\\ツユ - Dämonisch","SavedTime":1738699961},{"FileName":"C:\\Users\\User\\OneDrive\\เดสก์ท็อป\\Maj\\ツユ - Dämonisch/.autosave/autosave.2025-2-19_20-47-32.txt","RawPath":"C:\\Users\\User\\OneDrive\\เดสก์ท็อป\\Maj\\ツユ - Dämonisch","SavedTime":1740001652},{"FileName":"C:\\Users\\User\\OneDrive\\เดสก์ท็อป\\Maj\\]段位認定-Discord - Competition\\Tier 2\\ツユ - Dämonisch/.autosave/autosave.2025-3-12_0-29-56.txt","RawPath":"C:\\Users\\User\\OneDrive\\เดสก์ท็อป\\Maj\\]段位認定-Discord - Competition\\Tier 2\\ツユ - Dämonisch","SavedTime":1741742996},{"FileName":"C:\\Users\\User\\OneDrive\\เดสก์ท็อป\\Maj\\]段位認定-Discord - Competition\\Tier 2\\ツユ - Dämonisch/.autosave/autosave.2025-3-12_19-8-57.txt","RawPath":"C:\\Users\\User\\OneDrive\\เดสก์ท็อป\\Maj\\]段位認定-Discord - Competition\\Tier 2\\ツユ - Dämonisch","SavedTime":1741810137}]}